original,corrected
-SWĪÞEDLIC,-SWĪÞEDLIC
-belig,-belig
-biesgian,-biesgian
-blācigan,-blācigan
-bysgian,-bysgian
-bīsgian,-bīsgian
-cymþ,-cymþ
-cyþedness,-cyþedness
-cȳðð,-cȳðð
-eāgede,-eāgede
-feorhlic,-feorhlic
-flōwedlic,-flōwedlic
-flōwendlic,-flōwendlic
-frige,-frige
-gealla,-gealla
-gearwa,-gearwa
-gehrēfa,-gehrēfa
-gelda,-gelda
-geotol,-geotol
-gern,-gern
-gietan,-gietan
-gifen-,-gifen-
-gilda,-gilda
-gymmed,-gymmed
-gytan,-gytan
-gīman,-gīman
-healdlic,-healdlic
-hygidlic,-hygidlic
-hīwendlic,-hīwendlic
-hȳdig,-hȳdig
-igend,-igend
-ligere,-ligere
-liorendlīc,-liorendlīc
-lēpig,-lēpig
-līfendlic,-līfendlic
-lǣce,-lǣce
-risenlīce,-risenlīce
-sceōtendlic,-sceōtendlic
-seofuntig,-seofuntig
-sigefæstnian,-sigefæstnian
-sprecel,-sprecel
-strenged,-strenged
-strongian,-strongian
-tergian,-tergian
-tige,-tige
-tinges,-tinges
-winnfullīc,-winnfullīc
-wæg,-wæg
-wīg,-wīg
BORGIAN,BORGIAN
BRECENDLIC,BRECENDLIC
BRȲCE,BRȲCE
Burgenda,Burgenda
CEORL,CEORL
CITELIAN,CITELIAN
Ceaster-scīr,Ceaster-scīr
Cent-rīce,Cent-rīce
Cerdices,Cerdices
Certices,Certices
Creācisc,Creācisc
Cynewulf,Cynewulf
CĪÞ,CĪÞ
EFENLĪCE,EFENLĪCE
Efer-wīc,Efer-wīc
EĀG-GEMEARC,EĀG-GEMEARC
FLEŌGE,FLEŌGE
FOR-ÞYLDIGIAN,FOR-ÞYLDIGIAN
FRANC-RĪCE,FRANC-RĪCE
FRECEO,FRECEO
GE-SCRENCEDNES,GE-SCRENCEDNES
GEARD,GEARD
GEARO,GEARO
GENGE,GENGE
GEONG,GEONG
GEĀ,GEĀ
GEŌ,GEŌ
GICEL,GICEL
GYRN-WRACU,GYRN-WRACU
Geangsumod,Geangsumod
Genihtlīce,Geniht-līce
Genycthlīce,Genycth-līce
GȲME,GȲME
HEGE,HEGE
HEĀÐU-SIGEL,HEĀÐU-SIGEL
HRESIGENDE,HRESIGENDE
Horwegstīg,Horwegstīg
L-NIMENDLĪC,L-NIMENDLĪC
Lēcetere,Lēcetere
LǢCE,LǢCE
LǢCE-HŪS,LǢCE-HŪS
Medu-wæge,Medu-wæge
MÆGEN-EĀCEN,MÆGEN-EĀCEN
MǢG-CYNREN,MǢG-CYNREN
OPENLĪCE,OPENLĪCE
STRANGE,STRANGE
Sadducēisc,Sadducēisc
Sceāp-īg,Sceāp-īg
Sweō-rīce,Sweō-rīce
Tiig,Tiig
Tīg,Tīg
Uuālȳfendlīce,Uuālȳfendlīce
WORD-GERȲNE,WORD-GERȲNE
WÆCCENDLĪCE,WÆCCENDLĪCE
WÆGEN,WÆGEN
ace,ace
agēn-gehweorfan,agēn-gehweorfan
an-gildan,an-gildan
an-gin,an-gin
an-tāllīc,an-tāllīc
andergilde,andergilde
andig,andig
andigende,andigende
ange,ange
anhagie,anhagie
be-briceþ,be-briceþ
be-cēpan,be-cēpan
be-fician,be-fician
be-gēmed,be-gēmed
be-gēton,be-gēton
be-lādiendlic,be-lādiendlic
be-reāfigend,be-reāfigend
be-sprǣcen,be-sprǣcen
be-swungen,be-swungen
be-weddendlic,be-weddendlic
bearn-eācnigende,bearn-eācnigende
belig,belig
beorcen,beorcen
beorm-teāg,beorm-teāg
berige,berige
berigeblæ,berigeblæ
besprecen,besprecen
betweoh-gangende,betweoh-gangende
beācen-stān,beācen-stān
bilig,bilig
birce,birce
birging,birging
blysige,blysige
blōd-hrǣce,blōd-hrǣce
blǣc,blǣc
borcian,borcian
borg-bryce,borg-bryce
borg-gylda,borg-gylda
borh-bryce,borh-bryce
breāc,breāc
brīd-gifu,brīd-gifu
brōc-lice,brōc-lice
brōce,brōce
brōðor-gyld,brōðor-gyld
byge,byge
bylcende,bylcende
bylig,bylig
byrged,byrged
byrgedness,byrgedness
byrgere,byrgere
bæc-slitol,bæc-slitol
bæceþ,bæceþ
bælig,bælig
bēce,bēce
bīge,bīge
bōc-æceras,bōc-æceras
bōcere,bōcere
bǣde-wēg,bǣde-wēg
bȳrging,bȳrging
caucetung,caucetung
cealdian,cealdian
cearm,cearm
ceaster,ceaster
ceaster-hof,ceaster-hof
ceaster-wyrhta,ceaster-wyrhta
cefian,cefian
centaureum,centaureum
ceosel-stān,ceosel-stān
cerr,cerr
ceāst,ceāst
cierr,cierr
cifes-gemāna,cifes-gemāna
cild-claþ,cild-claþ
cilda,cilda
cildsung,cildsung
cilfer-lamb,cilfer-lamb
cilfor-lamb,cilfor-lamb
cincung,cincung
cind,cind
cinn,cinn
cipe-leac,cipe-leac
circan,circan
ciric-þēn,ciric-þēn
cirio-belle,cirio-belle
cirr,cirr
cist-beām,cist-beām
cleric,cleric
clincig,clincig
cniht-gebeorþor,cniht-gebeorþor
cniht-geogoþ,cniht-geogoþ
cocer,cocer
costigend,costigend
crāw-leāc,crāw-leāc
cumbol-gehnāst,cumbol-gehnāst
cwic-seolfor,cwic-seolfor
cyfes,cyfes
cylcende,cylcende
cyle,cyle
cyn-recen,cyn-recen
cyncg,cyncg
cyne-hād,cyne-hād
cynnig,cynnig
cyrc,cyrc
cyrc-hālgung,cyrc-hālgung
cyrf,cyrf
cyric-hālgung,cyric-hālgung
cyric-tūn,cyric-tūn
cyrn,cyrn
cyrr,cyrr
cyrrednes,cyrrednes
cysel-stān,cysel-stān
cyste-,cyste-
cystig,cystig
cystig-līce,cystig-līce
cyte,cyte
cytel,cytel
cytere,cytere
cæfian,cæfian
cæg-loca,cæg-loca
cælic,cælic
cīd,cīd
cīn-līc,cīn-līc
cīping,cīping
cīte,cīte
cīwung,cīwung
cǣg-bora,cǣg-bora
cȳd,cȳd
cȳle,cȳle
cȳðic,cȳðic
cȳðig,cȳðig
cȳþ,cȳþ
cȳþig,cȳþig
deāþ-lēg,deāþ-lēg
deōfulgyld-hūs,deōfulgyld-hūs
deōg,deōg
deōr-hege,deōr-hege
diōplīce,diōplīce
dop-fugel,dop-fugel
drence,drence
drince-fæt,drince-fæt
druncen,druncen
druncen-læt,druncen-læt
dryht-gesīþ,dryht-gesīþ
dynge,dynge
dæg-hwomlīc,dæg-hwomlīc
dæges,dæges
dīgele,dīgele
eal-mihtig,eal-mihtig
eall-hālig,eall-hālig
earfoþ-cirre,earfoþ-cirre
eaxl-gestealla,eaxl-gestealla
ece,ece
ed-recedroc,ed-recedroc
ed-ric,ed-ric
efeleāc,efeleāc
efen-ēce,efen-ēce
efn-gemæcca,efn-gemæcca
eft-cerran,eft-cerran
eft-cyme,eft-cyme
egenwirht,egenwirht
eges,eges
ele-berge,ele-berge
eln-gemet,eln-gemet
emetig,emetig
ende-spæc,ende-spæc
enge,enge
eornestlice,eornestlice
eornigende,eornigende
eorþ-yfig,eorþ-yfig
eāc,eāc
eādgian,eādgian
eādigian,eādigian
eāg-sȳne,eāg-sȳne
eāst-portic,eāst-portic
eāw-brǣce,eāw-brǣce
eāðelic,eāðelic
farcille,farcille
fealgian,fealgian
feastlice,feastlice
fela-mōdig,fela-mōdig
felge,felge
fen-ȳce,fen-ȳce
ferhþ-wērig,ferhþ-wērig
ferigean,ferigean
firgen-gāt,firgen-gāt
firmdig,firmdig
firwitgeorn-ness,firwitgeorn-ness
fisc-deāg,fisc-deāg
flīt-georn,flīt-georn
folc-gefeoht,folc-gefeoht
folc-āgende,folc-āgende
folgian,folgian
for-bogen,for-bogen
for-gifan,for-gifan
for-gifedness,for-gifedness
for-gifendlic,for-gifendlic
for-gitan,for-gitan
for-gitelness,for-gitelness
for-gyrdan,for-gyrdan
for-gīmeleāsian,for-gīmeleāsian
for-gȳman,for-gȳman
for-hogiend,for-hogiend
for-hogiendlic,for-hogiendlic
for-hwirfedlic,for-hwirfedlic
for-slægen,for-slægen
fore-gegān,fore-gegān
forhogigendlic,forhogigendlic
forhwyrfedlic,forhwyrfedlic
forþ-gefaran,forþ-gefaran
forþ-geleōredness,forþ-geleōredness
forþ-gewītan,forþ-gewītan
fragian,fragian
freōls-bryce,freōls-bryce
freōnd-spēdig,freōnd-spēdig
frig,frig
frigea,frigea
friþ-gedāl,friþ-gedāl
frymþelīc,frymþelīc
frēcen,frēcen
frēcne-stīg,frēcne-stīg
frēfergende,frēfergende
frēfrigende,frēfrigende
frīd-hengest,frīd-hengest
frīgea,frīgea
fugel-hǣlsere,fugel-hǣlsere
fugelere,fugelere
ful-cyrten,ful-cyrten
ful-gewēpned,ful-gewēpned
full-cāflīce,full-cāflīce
full-recen,full-recen
fullīc,fullīc
fylgend-līce,fylgend-līce
fylgend-ness,fylgend-ness
fyr-gearwunge,fyr-gearwunge
fyrdlīc,fyrdlīc
fægerian,fægerian
fælge,fælge
fælging,fælging
fāgian,fāgian
fāmig,fāmig
fīc-wyrm,fīc-wyrm
fīftigeða,fīftigeða
fōr-weorþfullīc,fōr-weorþfullīc
fōre-cymeþ,fōre-cymeþ
fōt-gangende,fōt-gangende
fǣg-lic,fǣg-lic
fǣmig,fǣmig
fȳst-gebeāt,fȳst-gebeāt
gafol-gelda,gafol-gelda
gafol-gilda,gafol-gilda
gafol-gylda,gafol-gylda
gaful-gelda,gaful-gelda
gaful-gilda,gaful-gilda
gaful-gylda,gaful-gylda
ge-bisgīan,ge-bisgīan
ge-brocen,ge-brocen
ge-bēnlīc,ge-bēnlīc
ge-bȳsgian,ge-bȳsgian
ge-ceōwan,ge-ceōwan
ge-cilcan,ge-cilcan
ge-cirran,ge-cirran
ge-cypsed,ge-cypsed
ge-cyssan,ge-cyssan
ge-cælcian,ge-cælcian
ge-cænenis,ge-cænenis
ge-cænnan,ge-cænnan
ge-cīaþ,ge-cīaþ
ge-cīgan,ge-cīgan
ge-cǣlan,ge-cǣlan
ge-cȳð,ge-cȳð
ge-cȳþedness,ge-cȳþedness
ge-deftlice,ge-deftlice
ge-dysigend,ge-dysigend
ge-edcenned,ge-edcenned
ge-endebyrdlīce,ge-endebyrdlīce
ge-feālīce,ge-feālīce
ge-frēge,ge-frēge
ge-frǣge,ge-frǣge
ge-gearwungness,ge-gearwungness
ge-gehold,ge-gehold
ge-gehāwian,ge-gehāwian
ge-genge,ge-genge
ge-gildscipe,ge-gildscipe
ge-gyrian,ge-gyrian
ge-gyrnan,ge-gyrnan
ge-gēman,ge-gēman
ge-hwǣmlic,ge-hwǣmlic
ge-hyhtendlic,ge-hyhtendlic
ge-hylced,ge-hylced
ge-hæplic,ge-hæplic
ge-leorendlīc,ge-leorendlīc
ge-liger,ge-liger
ge-logian,ge-logian
ge-læccendlic,ge-læccendlic
ge-līcettan,ge-līcettan
ge-mearcian,ge-mearcian
ge-merce,ge-merce
ge-recce-līc,ge-recce-līc
ge-sceādlic,ge-sceādlic
ge-scrence,ge-scrence
ge-sig,ge-sig
ge-spræc,ge-spræc
ge-strangian,ge-strangian
ge-sundfullīc,ge-sundfullīc
ge-swungen,ge-swungen
ge-swīcendlīce,ge-swīcendlīce
ge-tænge,ge-tænge
ge-welgian,ge-welgian
ge-wemmendlic,ge-wemmendlic
ge-winfullīc,ge-winfullīc
ge-wlitig,ge-wlitig
ge-wērgian,ge-wērgian
ge-þeōdendlīc,ge-þeōdendlīc
ge-þrec,ge-þrec
ge-þungen,ge-þungen
ge-þynge,ge-þynge
ge-ūtlagian,ge-ūtlagian
geafas,geafas
gealg-treōw,gealg-treōw
gearc,gearc
gearo-wita,gearo-wita
gearwian,gearwian
gebed-giht,gebed-giht
gebed-gīht,gebed-gīht
gebeōr,gebeōr
gebyld,gebyld
gebēldan,gebēldan
gedofen,gedofen
gedwol-mist,gedwol-mist
gedwol-sprǣc,gedwol-sprǣc
gefrett,gefrett
gegendan,gegendan
gehwār,gehwār
gehwǣr,gehwǣr
gelandod,gelandod
geldan,geldan
geleāf-hlystend,geleāf-hlystend
gelimplǣcan,gelimplǣcan
gellet,gellet
gelm,gelm
gelo,gelo
gelæccan,gelæccan
gemynd-beniming,gemynd-beniming
gemynd-blīþe,gemynd-blīþe
geofian,geofian
geofon-flōd,geofon-flōd
geoloca,geoloca
geond,geond
geond-brǣdan,geond-brǣdan
geond-drencan,geond-drencan
geond-flōwan,geond-flōwan
geond-innan,geond-innan
geong-lǣcan,geong-lǣcan
georn-ness,georn-ness
geornung,geornung
geornustlīce,geornust-līce
georran,georran
gerwan,gerwan
gerwian,gerwian
gerād,gerād
gest,gest
gestēdd-hors,gestēdd-hors
geswincfulnys,geswincfulnys
getel-cræft,getel-cræft
getignysse,getignysse
getincnes,getincnes
getincnesse,getincnesse
getingnesse,getingnesse
getingnysse,getingnysse
getinnysse,getinnysse
getyngnesse,getyngnesse
gewif-sǣlig,gewif-sǣlig
gewinful,gewinful
gewit-seōc,gewit-seōc
gewlōh,gewlōh
gewritrǣden,gewritrǣden
geān-,geān-
geān-cwide,geān-cwide
geān-talu,geān-talu
geāra,geāra
geōmerian,geōmerian
geōmor-mōd,geōmor-mōd
geōmran,geōmran
geōmrian,geōmrian
geōtere,geōtere
gi-,gi-
gian,gian
gib,gib
giccan,giccan
giefernes,giefernes
gierian,gierian
gierwan,gierwan
giest,giest
gifan,gifan
gifre,gifre
gihsinga,gihsinga
gild,gild
gilden,gilden
gilpan,gilpan
gim-,gim-
gin,gin
gind,gind
ginfæste,ginfæste
giond,giond
giongor-scipe,giongor-scipe
girian,girian
girnan,girnan
girwan,girwan
giscian,giscian
gist,gist
giþ-corn,giþ-corn
giō,giō
glengista,glengista
gleāwlic,gleāwlic
glædlic,glædlic
god-gesprǣce,god-gesprǣce
gyfl,gyfl
gylden,gylden
gylden-feaxa,gylden-feaxa
gyltan,gyltan
gylting,gylting
gyrian,gyrian
gyrn,gyrn
gyrnan,gyrnan
gyrwan,gyrwan
gyst,gyst
gæfel-geroefa,gæfel-geroefa
gægl-bǣrnes,gægl-bǣrnes
gældan,gældan
gæleþ,gæleþ
gælæþ,gælæþ
gærs-bed,gærs-bed
gæst,gæst
gāst-gemynd,gāst-gemynd
gēn-dele,gēn-dele
gēsne,gēsne
gīmran,gīmran
gǣstlīc,gǣstlīc
haran-specel,haran-specel
healfpenig-wurþ,healfpenig-wurþ
healsfange,healsfange
heard-sǣlig,heard-sǣlig
hearp-swēg,hearp-swēg
heg-hūs,heg-hūs
hege-rife,hege-rife
heofancenned,heofancenned
heofon-cenned,heofon-cenned
heolfrig,heolfrig
hete-sprǣc,hete-sprǣc
heāflīc,heāflīc
heāh-geþring,heāh-geþring
hig-hūs,hig-hūs
hrace,hrace
hracing,hracing
hræce,hræce
hræd-sprǣce,hræd-sprǣce
hrægel,hrægel
hrǣcetung,hrǣcetung
hund-eahtatig,hund-eahtatig
hundteōntig-feald,hundteōntig-feald
hunig-swǣs,hunig-swǣs
hwæcce,hwæcce
hwīl-stycce,hwīl-stycce
hyge,hyge
hyge-frōfor,hyge-frōfor
hyge-rōf,hyge-rōf
hypebān-ece,hypebān-ece
hyse-cild,hyse-cild
hæg,hæg
hæg-sugga,hæg-sugga
hāl-wendlīc,hāl-wendlīc
hālig-dæg,hālig-dæg
hālig-mōnaþ,hālig-mōnaþ
hālig-wæcca,hālig-wæcca
hālig-wæter,hālig-wæter
hālsigend,hālsigend
hūsel-portic,hūsel-portic
hȳrig-mann,hȳrig-mann
in-gefeoht,in-gefeoht
in-gelǣdan,in-gelǣdan
in-gewinn,in-gewinn
in-geōtan,in-geōtan
in-segel,in-segel
laur-berige,laur-berige
leac-blæd,leac-blæd
leger-fæst,leger-fæst
leāg,leāg
leōht-sceāwigend,leōht-sceāwigend
lim-gesihþ,lim-gesihþ
losigend-līc,losigend-līc
lungen-ǣder,lungen-ǣder
lustlīce,lustlīce
lyft-fleōgend,lyft-fleōgend
lytig-līce,lytig-līce
læcing,læcing
lār-swic,lār-swic
līcettere,līcettere
lǣce-cræftig,lǣce-cræftig
mangian,mangian
margen,margen
merece,merece
micel-heāfded,micel-heāfded
mirce,mirce
mirige,mirige
mis-tūcian,mis-tūcian
missenlic-ness,missenlic-ness
morgen-gifu,morgen-gifu
morgen-wlǣtung,morgen-wlǣtung
myndgian,myndgian
myrgen-līc,myrgen-līc
myrige,myrige
mæg,mæg
mægen,mægen
mæsse-gierela,mæsse-gierela
mīdrece,mīdrece
mōdor-cynd,mōdor-cynd
mōt-gerēfa,mōt-gerēfa
mǣg-gemōt,mǣg-gemōt
mǣr-dic,mǣr-dic
niht-buttorfleōge,niht-buttorfleōge
niþer-stige,niþer-stige
nīd-māge,nīd-māge
nīge,nīge
ofer-cirr,ofer-cirr
ofer-gedyre,ofer-gedyre
ofer-gemet,ofer-gemet
ofer-geāre,ofer-geāre
ofer-gitness,ofer-gitness
ofer-gitol,ofer-gitol
ofer-hygdigian,ofer-hygdigian
ofer-lyftlic,ofer-lyftlic
ofer-micelness,ofer-micelness
on-geboren,on-geboren
on-gecoplīce,on-gecop-līce
on-geflogen,on-geflogen
on-styrigendlic,on-styrigendlic
on-wrigenness,on-wrigenness
onge,onge
orcen,orcen
orweg-stig,orweg-stig
panic,panic
plagian,plagian
plegian,plegian
pægel,pægel
recceleāslīce,recceleās-līce
reccend,reccend
regn-snegel,regn-snegel
roccettan,roccettan
rocettan,rocettan
rynelīce,rynelīce
rēce-leās,rēce-leās
rēceleāslīce,rēce-leās-līce
rēnig,rēnig
rīce,rīce
salowig,salowig
samod-geflit,samod-geflit
samod-gesīþ,samod-gesīþ
sciccels,sciccels
sciccing,sciccing
scinccing,scinccing
scrēc,scrēc
scrīc,scrīc
scyriendlīc,scyriendlīc
scīnendlīc,scīnendlīc
seeg,seeg
segl-gird,segl-gird
sendlīc,sendlīc
sige-beācen,sige-beācen
sige-hwīl,sige-hwīl
sige-mēce,sige-mēce
sige-tiber,sige-tiber
sige-þreāt,sige-þreāt
simbel-gefēra,simbel-gefēra
sinc-gimm,sinc-gimm
sleac,sleac
sleacian,sleacian
slec,slec
slege,slege
slæc,slæc
smǣte-gylden,smǣte-gylden
snāwig,snāwig
spircing,spircing
springe,springe
sprǣce,sprǣce
stearcian,stearcian
sterced-ferhþ,sterced-ferhþ
stician,stician
stig-fearh,stig-fearh
strycel,strycel
styrfig,styrfig
stærced-ferhþ,stærced-ferhþ
stæþhliplice,stæþhliplice
stān-gefeall,stān-gefeall
stānig,stānig
stīg,stīg
stīge,stīge
stǣnig,stǣnig
sulh-geteōh,sulh-geteōh
sulh-æcer,sulh-æcer
sund-gerd,sund-gerd
sund-gird,sund-gird
sundgerd,sundgerd
sundgyrd,sundgyrd
swangettung,swangettung
swefen-reccere,swefen-reccere
swegel,swegel
sweger,sweger
sweor-sceacel,sweor-sceacel
sweord-tyge,sweord-tyge
swician,swician
swēge,swēge
swēgend-līc,swēgend-līc
swīg-dæg,swīg-dæg
swīgen,swīgen
swōlig,swōlig
sæc-dōm,sæc-dōm
sægedness,sægedness
sām-cwic,sām-cwic
sīc,sīc
sīþegian,sīþegian
sūce,sūce
sǣ-ceaster,sǣ-ceaster
taccian,taccian
telge,telge
tigel-leāh,tigel-leāh
tigele,tigele
tin-tregian,tin-tregian
torn-gemōt,torn-gemōt
tweōnigend-līc,tweōnigend-līc
twidæg-līc,twidæg-līc
twēgentig,twēgentig
twēntig,twēntig
tādige,tādige
tīgere,tīgere
tō-līsendlīc,tō-līsendlīc
tō-stencean,tō-stencean
un-beseōndlīc,un-beseōndlīc
un-byrged,un-byrged
un-ceāp,un-ceāp
un-druncen,un-druncen
un-eāðlǣce,un-eāðlǣce
un-gebeāten,un-gebeāten
un-geclǣnsod,un-geclǣnsod
un-gecnāwen,un-gecnāwen
un-gedafenlīc,un-gedafenlīc
un-gefremed,un-gefremed
un-gefrætwod,un-gefrætwod
un-gefylled,un-gefylled
un-gefyrn,un-gefyrn
un-gefērendlīc,un-gefērendlīc
un-gefōg,un-gefōg
un-geheāfdod,un-geheāfdod
un-gehādod,un-gehādod
un-gemetfæstness,un-gemetfæstness
un-georne,un-georne
un-geregnod,un-geregnod
un-gerād,un-gerād
un-gerēdelīce,un-gerēde-līce
un-gerīm,un-gerīm
un-gesilt,un-gesilt
un-gesīnelīc,un-gesīnelīc
un-getǣse,un-getǣse
un-gewendendlīc,un-gewendendlīc
un-gewittiglīce,un-gewittiglīce
un-gewuna,un-gewuna
un-gewunelīce,un-gewune-līce
un-gewītendlīce,un-gewītend-līce
un-hālwendlīc,un-hālwendlīc
un-lygen,un-lygen
un-līfedlic,un-līfedlic
un-mennisclīc,un-mennisclīc
un-rǣdfæstlīce,un-rǣdfæstlīce
un-sceandlīce,un-sceandlīce
un-sefuntig,un-sefuntig
un-sæpig,un-sæpig
un-sȳferlīc,un-sȳferlīc
un-tamlīc,un-tamlīc
un-wittig,un-wittig
un-wērig,un-wērig
un-wītnigendlīce,un-wītnigend-līce
un-ālīfendlīce,un-ālīfendlīce
un-ārweorþlic,un-ārweorþlic
under-gerēfa,under-gerēfa
under-gitan,under-gitan
under-standendlīc,under-standendlīc
under-þeōdendlīc,under-þeōdendlīc
ungemet-lange,ungemet-lange
unriht-cyst,unriht-cyst
unriht-gestreōn,unriht-gestreōn
wan-hygdig,wan-hygdig
wed-bryce,wed-bryce
wel-gelīcod,wel-gelīcod
welig-stedende,welig-stedende
weorold-gerǣdness,weorold-gerǣdness
weorold-gewritu,weorold-gewritu
weorold-gilp,weorold-gilp
weorold-mæg,weorold-mæg
weorold-rīcetere,weorold-rīcetere
weorold-welig,weorold-welig
weoruldgewritu,weoruldgewritu
werig,werig
weā-gesiþ,weā-gesiþ
weōce,weōce
wil-bec,wil-bec
wil-hrēþig,wil-hrēþig
willīce,willīce
wip-geondan,wip-geondan
wirged,wirged
wirgend,wirgend
wiþer-sprecend,wiþer-sprecend
woruldgewrytu,woruldgewrytu
wrigels,wrigels
wræc,wræc
wræcce-ness,wræcce-ness
wrēgend-līc,wrēgend-līc
wudig,wudig
wyrcean,wyrcean
wāg-hrægel,wāg-hrægel
wīc-bora,wīc-bora
wīf-Þegen,wīf-Þegen
wīg-leōþ,wīg-leōþ
wīggebed,wīggebed
wīs-hygdig,wīs-hygdig
wīte-hrægel,wīte-hrægel
wīþig-brōc,wīþig-brōc
wǣg,wǣg
wǣg-þreā,wǣg-þreā
wǣge,wǣge
wǣpen-geþræc,wǣpen-geþræc
ymb-þringend,ymb-þringend
Æl-mehtig,Æl-mehtig
æ-blēc,æ-blēc
æce,æce
æcer-weg,æcer-weg
æfter-fylgendlīce,æfter-fylgendlīce
æfter-spræc,æfter-spræc
æfter-sprǣc,æfter-sprǣc
æg-līm,æg-līm
ælmes-georn,ælmes-georn
æmtegian,æmtegian
ænge,ænge
ærce-hād,ærce-hād
æt-bredendlīc,æt-bredendlīc
æt-gemman,æt-gemman
æt-gædere,æt-gædere
þeaclīce,þeac-līce
þegen-wer,þegen-wer
þeōw-beōcere,þeōw-beōcere
þillīc,þillīc
þrȳþ-gesteald,þrȳþ-gesteald
þurh-sceōtendlic,þurh-sceōtendlic
þurh-wæccendlīc,þurh-wæccendlīc
þyhtig,þyhtig
þyldigian,þyldigian
ā-berendlic,ā-berendlic
ā-borgian,ā-borgian
ā-cennan,ā-cennan
ā-cennicge,ā-cennicge
ā-giēta,ā-giēta
ā-hildendlic,ā-hildendlic
ā-mearcian,ā-mearcian
ā-wirgedlic,ā-wirgedlic
ā-wirgende,ā-wirgende
āblācian,āblācian
ābrocen,ābrocen
ācen,ācen
ācorenlīc,ācorenlīc
ādl-seōc,ādl-seōc
āge,āge
āgeara,āgeara
āgeat,āgeat
āgen-nama,āgen-nama
āgetan,āgetan
āgimmed,āgimmed
āgylde,āgylde
āloccian,āloccian
ān-cenned,ān-cenned
ān-cenneda,ān-cenneda
ān-leger,ān-leger
ār-cræftig,ār-cræftig
ār-gesweorf,ār-gesweorf
āscyrigendlīc,āscyrigendlīc
āslacigendlīc,āslacigendlīc
āweg,āweg
āwegyd,āwegyd
ēg-streām,ēg-streām
īdel-georn,īdel-georn
īsern-gelōma,īsern-gelōma
ōmig,ōmig
ǣ-cræftig,ǣ-cræftig
ǣ-mirce,ǣ-mirce
ǣfric,ǣfric
ǣn-īge,ǣn-īge
ǣn-īgge,ǣn-īgge
ǣðelīc,ǣðelīc
ȳcean,ȳcean
ȳþ-wōrigende,ȳþ-wōrigende
